                  epoch,         train/box_loss,         train/cls_loss,         train/dfl_loss,   metrics/precision(B),      metrics/recall(B),       metrics/mAP50(B),    metrics/mAP50-95(B),           val/box_loss,           val/cls_loss,           val/dfl_loss,                 lr/pg0,                 lr/pg1,                 lr/pg2
                      1,                 1.7046,                 2.7037,                 1.7636,                0.20247,                0.21937,                0.12989,                0.05287,                 2.3284,                 4.5482,                 2.6031,             0.00054592,             0.00054592,             0.00054592
                      2,                 1.7902,                 2.1376,                 1.8829,                0.01264,                0.16359,                0.00697,                0.00212,                 2.8042,                    inf,                 4.1675,              0.0010961,              0.0010961,              0.0010961
                      3,                 1.8293,                 2.0968,                 1.9025,                0.07428,                0.30445,                0.03495,                0.01128,                 2.7714,                 19.573,                 3.2188,              0.0016408,              0.0016408,              0.0016408
                      4,                 1.8403,                 2.1151,                 1.9003,                0.16573,                0.13939,                0.11035,                0.04126,                  2.421,                 6.3167,                 2.7778,              0.0016422,              0.0016422,              0.0016422
                      5,                 1.7812,                 2.0038,                 1.8538,                0.27356,                0.27643,                0.20847,                  0.088,                 2.2528,                 2.9955,                 2.3991,              0.0016422,              0.0016422,              0.0016422
                      6,                 1.7416,                 1.9528,                 1.8451,                0.37681,                0.38006,                0.29491,                0.10825,                 2.0143,                 2.5817,                 2.1499,               0.001634,               0.001634,               0.001634
                      7,                 1.6799,                 1.8599,                 1.7695,                0.36162,                0.31083,                0.23719,                0.09535,                 2.1413,                 2.5591,                 2.1601,              0.0016257,              0.0016257,              0.0016257
                      8,                 1.6393,                 1.7946,                 1.7466,                 0.4404,                0.38466,                0.35235,                0.13476,                 2.0291,                 2.2113,                 2.1052,              0.0016175,              0.0016175,              0.0016175
                      9,                 1.6133,                 1.7236,                 1.7117,                 0.5122,                0.48036,                0.45142,                 0.1888,                 1.9682,                 1.9844,                 2.0756,              0.0016092,              0.0016092,              0.0016092
                     10,                 1.6018,                 1.6839,                 1.7136,                0.52117,                0.49193,                 0.4846,                0.23828,                 1.8695,                 1.8729,                 1.9509,               0.001601,               0.001601,               0.001601
                     11,                 1.5612,                 1.6281,                 1.6789,                  0.548,                0.48381,                0.47952,                0.22167,                 1.8007,                 1.8126,                 1.8846,              0.0015927,              0.0015927,              0.0015927
                     12,                 1.5287,                 1.5436,                 1.6377,                0.61659,                0.51891,                0.55165,                0.26158,                 1.8196,                 1.6897,                 1.8977,              0.0015845,              0.0015845,              0.0015845
                     13,                 1.5184,                 1.5428,                 1.6342,                0.62952,                0.52242,                0.57713,                0.29091,                 1.6667,                 1.5776,                 1.7841,              0.0015762,              0.0015762,              0.0015762
                     14,                 1.4992,                 1.5246,                 1.6185,                0.58926,                0.52141,                0.53952,                0.27082,                 1.7331,                 1.6699,                 1.8325,               0.001568,               0.001568,               0.001568
                     15,                 1.4842,                 1.5253,                 1.6146,                0.54175,                0.46836,                0.47363,                0.22669,                 1.8192,                 1.9246,                 1.9131,              0.0015597,              0.0015597,              0.0015597
                     16,                 1.4757,                 1.4708,                 1.6082,                0.56232,                0.49748,                0.52366,                0.27042,                 1.7048,                 1.6725,                 1.8056,              0.0015515,              0.0015515,              0.0015515
                     17,                 1.4746,                 1.4435,                 1.6084,                 0.6223,                 0.5317,                0.55299,                0.29351,                 1.6258,                 1.6342,                  1.768,              0.0015432,              0.0015432,              0.0015432
                     18,                 1.4887,                 1.4607,                 1.6082,                0.59723,                0.46357,                0.50885,                0.25276,                 1.7853,                  1.842,                  1.924,               0.001535,               0.001535,               0.001535
                     19,                 1.4388,                 1.3879,                 1.5799,                 0.7047,                0.51855,                0.59591,                0.29956,                 1.7048,                 1.5424,                 1.8177,              0.0015267,              0.0015267,              0.0015267
                     20,                 1.4355,                  1.375,                 1.5648,                0.66402,                0.52615,                0.59513,                0.29399,                 1.7634,                 1.6172,                 1.8561,              0.0015185,              0.0015185,              0.0015185
                     21,                  1.406,                 1.3322,                  1.531,                0.58755,                0.59459,                0.60022,                0.30957,                 1.7286,                 1.4517,                 1.8174,              0.0015102,              0.0015102,              0.0015102
                     22,                 1.4154,                 1.3308,                 1.5412,                0.71455,                0.60701,                0.66474,                0.36282,                 1.6019,                 1.3203,                 1.6964,               0.001502,               0.001502,               0.001502
                     23,                 1.4126,                 1.3219,                 1.5402,                0.64156,                0.41486,                0.49118,                0.25115,                 1.7997,                  1.786,                 1.8652,              0.0014937,              0.0014937,              0.0014937
                     24,                 1.3579,                 1.2178,                 1.4975,                0.74152,                0.60705,                0.67281,                 0.3698,                 1.5792,                 1.3668,                 1.6956,              0.0014855,              0.0014855,              0.0014855
                     25,                 1.3624,                 1.2469,                  1.511,                  0.762,                0.57658,                0.67921,                0.37235,                 1.6199,                 1.2986,                  1.715,              0.0014772,              0.0014772,              0.0014772
                     26,                 1.3547,                 1.2605,                 1.4951,                0.76698,                0.59755,                0.67407,                0.35965,                 1.5969,                 1.3874,                 1.6957,               0.001469,               0.001469,               0.001469
                     27,                 1.3601,                 1.2191,                 1.4967,                0.73988,                 0.5245,                0.65283,                 0.3497,                  1.623,                 1.4078,                 1.7255,              0.0014607,              0.0014607,              0.0014607
                     28,                 1.3389,                 1.2011,                 1.4855,                0.68372,                 0.6198,                0.67301,                0.35909,                 1.6401,                 1.3459,                 1.7115,              0.0014525,              0.0014525,              0.0014525
                     29,                 1.3246,                 1.1776,                 1.4765,                0.73401,                0.57114,                0.65101,                0.36442,                 1.5921,                 1.3458,                 1.7039,              0.0014442,              0.0014442,              0.0014442
                     30,                 1.3349,                 1.2006,                  1.481,                 0.7691,                0.60382,                0.68225,                 0.3666,                 1.6077,                 1.2373,                 1.7027,               0.001436,               0.001436,               0.001436
                     31,                 1.3083,                 1.1655,                 1.4629,                0.73695,                0.59371,                0.65819,                 0.3464,                 1.6349,                 1.3556,                 1.7511,              0.0014277,              0.0014277,              0.0014277
                     32,                 1.2883,                 1.1378,                 1.4524,                0.69058,                0.62904,                0.67183,                 0.3729,                 1.6075,                 1.2387,                 1.7246,              0.0014195,              0.0014195,              0.0014195
                     33,                 1.2823,                  1.145,                 1.4533,                 0.7614,                0.60961,                0.70559,                0.40004,                 1.5153,                  1.247,                  1.645,              0.0014112,              0.0014112,              0.0014112
                     34,                 1.2893,                 1.1305,                 1.4565,                0.73547,                0.63582,                0.70805,                0.37681,                  1.605,                 1.2738,                 1.7297,              0.0014029,              0.0014029,              0.0014029
                     35,                 1.2758,                 1.0895,                 1.4325,                0.73387,                0.63929,                0.70313,                0.37671,                 1.5668,                 1.2146,                 1.6598,              0.0013947,              0.0013947,              0.0013947
                     36,                 1.2568,                 1.0841,                 1.4145,                0.71945,                0.62427,                 0.7005,                 0.3941,                  1.536,                  1.214,                 1.6447,              0.0013864,              0.0013864,              0.0013864
                     37,                 1.2568,                 1.0888,                 1.4209,                0.80179,                0.63768,                0.73163,                0.41975,                  1.503,                 1.1611,                 1.6187,              0.0013782,              0.0013782,              0.0013782
                     38,                 1.2489,                 1.0592,                 1.4169,                0.80498,                0.64119,                0.73942,                0.41639,                 1.5485,                 1.1603,                 1.6231,              0.0013699,              0.0013699,              0.0013699
                     39,                  1.252,                 1.0833,                 1.4184,                 0.8182,                0.66375,                 0.7516,                0.42293,                 1.4973,                  1.139,                 1.6078,              0.0013617,              0.0013617,              0.0013617
                     40,                  1.224,                 1.0303,                 1.3994,                0.77344,                0.66291,                0.74301,                0.42573,                 1.5032,                 1.1227,                 1.6075,              0.0013534,              0.0013534,              0.0013534
                     41,                 1.2214,                 1.0349,                 1.3911,                0.75869,                0.60953,                0.69256,                0.39236,                 1.5457,                 1.2271,                 1.6453,              0.0013452,              0.0013452,              0.0013452
                     42,                 1.2132,                 1.0326,                 1.3831,                0.72135,                0.67054,                0.69619,                0.40073,                 1.5062,                 1.1474,                 1.6058,              0.0013369,              0.0013369,              0.0013369
                     43,                 1.1961,                0.99466,                 1.3773,                0.78676,                0.66918,                0.74766,                0.42448,                 1.5284,                 1.1155,                 1.6131,              0.0013287,              0.0013287,              0.0013287
                     44,                 1.2113,                 1.0084,                  1.376,                0.80285,                0.66514,                0.73207,                0.41576,                 1.5475,                 1.1154,                 1.6502,              0.0013204,              0.0013204,              0.0013204
                     45,                  1.197,                0.97338,                 1.3703,                 0.7591,                0.65469,                 0.7276,                0.41771,                 1.5245,                 1.1004,                 1.6378,              0.0013122,              0.0013122,              0.0013122
                     46,                 1.2113,                0.99286,                 1.3832,                0.74199,                0.65123,                0.72461,                0.42389,                 1.4687,                 1.1544,                 1.5865,              0.0013039,              0.0013039,              0.0013039
                     47,                 1.1778,                0.97777,                 1.3712,                0.77933,                0.68629,                0.74122,                0.43208,                 1.4901,                 1.0852,                 1.6257,              0.0012957,              0.0012957,              0.0012957
                     48,                 1.1813,                0.97025,                 1.3575,                0.76004,                0.68495,                0.74973,                0.44686,                 1.4653,                 1.0541,                 1.5789,              0.0012874,              0.0012874,              0.0012874
                     49,                 1.1641,                0.93462,                 1.3533,                0.78163,                 0.6907,                0.75363,                0.43537,                 1.4945,                 1.0874,                 1.6155,              0.0012792,              0.0012792,              0.0012792
                     50,                 1.1645,                0.94466,                 1.3514,                0.82724,                0.66877,                0.76009,                0.44647,                 1.4624,                  1.063,                 1.5721,              0.0012709,              0.0012709,              0.0012709
                     51,                 1.1415,                0.93382,                 1.3398,                0.74622,                0.67453,                0.74266,                0.44766,                 1.4863,                 1.0211,                 1.5846,              0.0012627,              0.0012627,              0.0012627
                     52,                 1.1596,                0.93521,                  1.344,                0.79789,                0.69637,                0.75616,                0.44736,                 1.4883,                 1.0296,                 1.6222,              0.0012544,              0.0012544,              0.0012544
                     53,                 1.1606,                0.91115,                 1.3355,                0.81566,                0.66255,                0.75439,                 0.4314,                  1.505,                 1.0389,                 1.6134,              0.0012462,              0.0012462,              0.0012462
                     54,                  1.145,                 0.9047,                  1.327,                0.81517,                0.69638,                0.77592,                0.45291,                 1.4536,                 0.9824,                 1.5754,              0.0012379,              0.0012379,              0.0012379
                     55,                 1.1217,                0.88944,                 1.3154,                0.78884,                0.70066,                0.76342,                0.43974,                 1.4813,                 1.0326,                 1.5955,              0.0012297,              0.0012297,              0.0012297
                     56,                 1.1082,                0.85745,                 1.3089,                0.79687,                0.66933,                0.75268,                0.43756,                 1.4837,                 1.0278,                 1.5712,              0.0012214,              0.0012214,              0.0012214
                     57,                 1.1004,                0.86217,                 1.3051,                0.82156,                0.68966,                0.76969,                0.45835,                  1.455,                 1.0298,                 1.5548,              0.0012132,              0.0012132,              0.0012132
                     58,                 1.1329,                0.90386,                  1.328,                0.80024,                0.70204,                0.75944,                0.44715,                 1.4344,                 1.0347,                 1.5623,              0.0012049,              0.0012049,              0.0012049
                     59,                 1.1088,                0.85665,                 1.3115,                0.80415,                 0.7066,                 0.7692,                0.43809,                 1.5178,                 1.0028,                 1.6257,              0.0011967,              0.0011967,              0.0011967
                     60,                 1.1173,                0.87144,                 1.3181,                0.76545,                0.74375,                0.77875,                0.46075,                 1.4467,                0.98993,                 1.5674,              0.0011884,              0.0011884,              0.0011884
                     61,                 1.0757,                0.82146,                 1.2721,                0.79021,                0.71374,                0.75857,                 0.4418,                 1.4589,                 1.0073,                  1.576,              0.0011802,              0.0011802,              0.0011802
                     62,                 1.0766,                0.81809,                  1.285,                0.78915,                0.64217,                0.71149,                0.42113,                 1.4722,                 1.1348,                  1.619,              0.0011719,              0.0011719,              0.0011719
                     63,                 1.0885,                0.83598,                 1.2868,                0.81932,                0.74063,                0.79165,                0.46223,                 1.4789,                0.95914,                 1.6104,              0.0011636,              0.0011636,              0.0011636
                     64,                 1.0701,                0.81762,                 1.2743,                0.80956,                 0.6693,                0.73606,                0.43683,                 1.4867,                 1.0516,                 1.6264,              0.0011554,              0.0011554,              0.0011554
                     65,                  1.056,                0.81071,                 1.2803,                0.78824,                0.69619,                0.76191,                0.45762,                  1.435,                0.99466,                  1.561,              0.0011471,              0.0011471,              0.0011471
                     66,                 1.0615,                0.79283,                 1.2761,                0.82371,                0.71896,                0.76972,                0.45606,                 1.4743,                0.99551,                 1.5905,              0.0011389,              0.0011389,              0.0011389
                     67,                 1.0509,                0.77422,                 1.2647,                0.81546,                0.70085,                0.77683,                0.46724,                 1.4672,                0.97103,                 1.5692,              0.0011306,              0.0011306,              0.0011306
                     68,                 1.0284,                0.77719,                 1.2612,                0.84407,                0.66576,                0.77401,                0.44545,                 1.4901,                 0.9837,                 1.6071,              0.0011224,              0.0011224,              0.0011224
                     69,                 1.0325,                0.78845,                 1.2599,                0.84764,                0.72683,                0.79167,                0.47468,                 1.4494,                0.94597,                 1.5719,              0.0011141,              0.0011141,              0.0011141
                     70,                  1.059,                0.78237,                 1.2681,                0.83536,                0.71553,                0.78596,                0.47393,                 1.4285,                0.95398,                 1.5547,              0.0011059,              0.0011059,              0.0011059
                     71,                 1.0221,                0.75933,                 1.2522,                0.82918,                0.73471,                0.79765,                0.47765,                 1.4279,                 0.9267,                   1.56,              0.0010976,              0.0010976,              0.0010976
                     72,                 1.0372,                 0.7979,                  1.261,                0.85629,                0.70434,                0.80057,                0.47402,                 1.4428,                0.95838,                 1.5662,              0.0010894,              0.0010894,              0.0010894
                     73,                 1.0408,                0.77787,                 1.2599,                0.80874,                0.69623,                0.76145,                 0.4633,                 1.4474,                0.99211,                 1.5833,              0.0010811,              0.0010811,              0.0010811
                     74,                 1.0024,                 0.7422,                 1.2342,                0.85129,                0.70222,                0.79562,                0.48043,                 1.4363,                 0.9342,                 1.5606,              0.0010729,              0.0010729,              0.0010729
                     75,                 1.0024,                0.74546,                 1.2241,                0.85013,                0.69863,                0.78394,                0.47073,                 1.4061,                0.91668,                 1.5397,              0.0010646,              0.0010646,              0.0010646
                     76,                0.98779,                0.71698,                 1.2235,                0.82846,                0.67494,                0.76971,                0.46121,                 1.4517,                0.95563,                 1.5927,              0.0010564,              0.0010564,              0.0010564
                     77,                 1.0037,                 0.7345,                 1.2269,                0.81177,                0.72879,                0.78759,                 0.4809,                 1.4113,                0.90214,                   1.56,              0.0010481,              0.0010481,              0.0010481
                     78,                0.98345,                0.73604,                  1.222,                0.81333,                0.71268,                0.78235,                0.47579,                 1.4277,                0.92153,                 1.5594,              0.0010399,              0.0010399,              0.0010399
                     79,                 1.0104,                0.72522,                 1.2283,                0.85299,                 0.6717,                 0.7692,                0.46729,                 1.4337,                0.93658,                 1.5497,              0.0010316,              0.0010316,              0.0010316
                     80,                0.97104,                0.70332,                 1.2108,                 0.8337,                0.69787,                0.79117,                0.47394,                 1.4558,                0.91571,                 1.5711,              0.0010234,              0.0010234,              0.0010234
                     81,                0.99062,                0.72606,                 1.2271,                0.81844,                0.71666,                0.79753,                0.48295,                 1.4339,                0.92402,                 1.5551,              0.0010151,              0.0010151,              0.0010151
                     82,                0.97626,                0.70841,                 1.2104,                0.86391,                0.69068,                 0.7768,                0.46734,                 1.4558,                0.94088,                 1.5866,              0.0010069,              0.0010069,              0.0010069
                     83,                0.95232,                 0.6897,                 1.2033,                0.83171,                0.72985,                 0.7894,                0.47889,                 1.4365,                 0.8795,                 1.5775,             0.00099862,             0.00099862,             0.00099862
                     84,                 0.9737,                0.68666,                 1.2082,                0.85483,                 0.7281,                0.80031,                0.47672,                 1.4491,                0.87978,                  1.577,             0.00099036,             0.00099036,             0.00099036
                     85,                0.97115,                0.69319,                 1.2077,                0.82903,                0.67266,                0.76759,                0.46267,                 1.4386,                0.93547,                 1.5924,             0.00098211,             0.00098211,             0.00098211
                     86,                0.94859,                0.67855,                 1.1903,                0.85831,                0.68836,                0.79145,                0.48394,                 1.4336,                0.96201,                 1.5608,             0.00097386,             0.00097386,             0.00097386
                     87,                0.97041,                0.71209,                 1.2146,                0.84798,                0.67604,                 0.7696,                0.46549,                 1.4202,                 0.9483,                 1.5638,             0.00096561,             0.00096561,             0.00096561
                     88,                0.95601,                0.71333,                 1.2004,                0.87277,                0.71307,                0.79886,                0.48737,                 1.4049,                0.88319,                 1.5514,             0.00095736,             0.00095736,             0.00095736
                     89,                0.94943,                0.68848,                 1.1996,                0.86026,                0.71401,                0.79684,                0.48216,                 1.4186,                0.94987,                  1.556,             0.00094911,             0.00094911,             0.00094911
                     90,                0.95261,                0.69199,                 1.1959,                0.82459,                0.71999,                0.77524,                0.46898,                 1.4377,                0.93164,                 1.5948,             0.00094085,             0.00094085,             0.00094085
                     91,                0.94821,                0.66642,                 1.1915,                0.83622,                0.69768,                0.77349,                0.47317,                 1.4516,                0.90144,                 1.5994,              0.0009326,              0.0009326,              0.0009326
                     92,                0.92454,                0.65216,                 1.1766,                0.84581,                0.70656,                0.79102,                0.48667,                 1.4238,                0.91737,                 1.5563,             0.00092435,             0.00092435,             0.00092435
                     93,                0.92954,                0.65918,                 1.1794,                0.84127,                0.71559,                0.79036,                0.48292,                 1.4344,                0.90168,                 1.5729,              0.0009161,              0.0009161,              0.0009161
                     94,                 0.9326,                0.65402,                 1.1749,                0.85232,                0.69254,                0.78918,                0.48273,                   1.42,                0.89713,                 1.5458,             0.00090785,             0.00090785,             0.00090785
                     95,                0.93365,                0.66445,                 1.1861,                  0.817,                0.72064,                0.78589,                0.47795,                  1.456,                0.91333,                 1.5674,              0.0008996,              0.0008996,              0.0008996
                     96,                 0.9197,                0.65187,                 1.1774,                0.84967,                0.72454,                0.79671,                 0.4908,                 1.4322,                0.88645,                 1.5716,             0.00089134,             0.00089134,             0.00089134
                     97,                0.90868,                0.63661,                 1.1679,                0.84281,                0.70992,                 0.7834,                0.47568,                 1.4397,                0.90202,                 1.5764,             0.00088309,             0.00088309,             0.00088309
                     98,                 0.9059,                0.62889,                 1.1577,                0.85234,                 0.7076,                 0.7981,                0.48698,                 1.4317,                0.84373,                 1.5971,             0.00087484,             0.00087484,             0.00087484
                     99,                0.90021,                0.62931,                 1.1616,                0.85711,                0.73924,                0.80294,                0.49469,                 1.4132,                0.82668,                 1.5588,             0.00086659,             0.00086659,             0.00086659
                    100,                0.89556,                0.63253,                 1.1589,                0.82168,                0.73812,                0.79883,                0.49287,                 1.4272,                0.86415,                 1.5589,             0.00085834,             0.00085834,             0.00085834
                    101,                0.89464,                0.63164,                 1.1643,                0.84486,                0.72264,                0.78592,                0.48101,                 1.4319,                0.90277,                 1.5783,             0.00085009,             0.00085009,             0.00085009
                    102,                0.89778,                0.63173,                 1.1685,                0.84966,                0.71256,                0.79119,                0.47926,                 1.4491,                 0.8731,                 1.5973,             0.00084184,             0.00084184,             0.00084184
                    103,                0.87361,                0.60925,                 1.1511,                0.83745,                0.72453,                0.79966,                0.49727,                 1.4333,                0.84984,                  1.577,             0.00083358,             0.00083358,             0.00083358
                    104,                0.87124,                0.61708,                  1.143,                0.86068,                0.72196,                0.79331,                0.47724,                 1.4416,                0.88418,                 1.5654,             0.00082533,             0.00082533,             0.00082533
                    105,                0.87451,                0.60889,                 1.1458,                0.87125,                 0.7088,                0.79734,                0.48458,                 1.4068,                0.87367,                 1.5597,             0.00081708,             0.00081708,             0.00081708
                    106,                0.87169,                  0.604,                 1.1458,                0.86148,                0.73547,                  0.794,                0.48503,                 1.4231,                0.87426,                 1.5814,             0.00080883,             0.00080883,             0.00080883
                    107,                0.87307,                0.60202,                 1.1386,                0.82301,                0.74313,                0.77685,                0.48029,                 1.4307,                 0.8768,                 1.5749,             0.00080058,             0.00080058,             0.00080058
                    108,                 0.8749,                0.60747,                 1.1377,                0.85674,                0.71476,                0.79661,                0.48916,                 1.3906,                0.84542,                 1.5405,             0.00079233,             0.00079233,             0.00079233
                    109,                0.85774,                0.60174,                 1.1381,                0.83275,                0.71439,                0.77808,                0.47672,                 1.4152,                 0.8789,                 1.5705,             0.00078407,             0.00078407,             0.00078407
                    110,                0.87464,                0.60759,                 1.1399,                0.78064,                0.76483,                0.79216,                0.48875,                 1.4058,                0.83632,                 1.5511,             0.00077582,             0.00077582,             0.00077582
                    111,                0.84049,                0.58914,                 1.1319,                0.78105,                0.74502,                0.78253,                0.48527,                 1.4018,                0.83912,                 1.5656,             0.00076757,             0.00076757,             0.00076757
                    112,                0.83525,                0.58159,                  1.126,                0.84847,                0.70541,                0.77397,                0.48035,                  1.416,                0.85579,                 1.6092,             0.00075932,             0.00075932,             0.00075932
                    113,                0.84845,                0.58781,                  1.127,                0.85969,                0.69456,                0.77436,                0.47513,                 1.4389,                0.85531,                 1.6034,             0.00075107,             0.00075107,             0.00075107
                    114,                 0.8457,                0.59924,                 1.1335,                0.87034,                 0.7315,                0.79774,                0.48108,                  1.434,                0.83613,                 1.5974,             0.00074282,             0.00074282,             0.00074282
                    115,                0.82625,                0.56584,                 1.1235,                0.82645,                0.73284,                 0.7792,                0.47784,                 1.4264,                0.84475,                 1.5724,             0.00073456,             0.00073456,             0.00073456
                    116,                0.83533,                0.56703,                  1.126,                0.83111,                0.71816,                0.79032,                0.49367,                 1.3937,                 0.8331,                 1.5579,             0.00072631,             0.00072631,             0.00072631
                    117,                0.81868,                0.56206,                 1.1061,                0.86022,                0.70764,                0.78285,                0.48541,                 1.4212,                0.85237,                 1.5959,             0.00071806,             0.00071806,             0.00071806
                    118,                 0.8176,                0.55539,                 1.1093,                0.81201,                0.74375,                0.79831,                0.49699,                 1.3947,                0.83792,                 1.5593,             0.00070981,             0.00070981,             0.00070981
                    119,                0.81071,                0.55094,                 1.1114,                 0.8638,                0.71867,                0.79383,                0.49444,                 1.4093,                0.84963,                 1.5754,             0.00070156,             0.00070156,             0.00070156
                    120,                0.81003,                0.54096,                 1.1054,                0.80289,                0.75008,                0.78122,                0.48419,                 1.3997,                0.84519,                  1.569,             0.00069331,             0.00069331,             0.00069331
                    121,                0.81172,                0.55744,                 1.1097,                0.86355,                0.71454,                0.78543,                 0.4851,                 1.4188,                0.82854,                 1.5986,             0.00068505,             0.00068505,             0.00068505
                    122,                0.82005,                0.54511,                 1.1107,                0.84083,                0.72463,                0.79176,                0.49251,                 1.3979,                 0.8639,                 1.5669,              0.0006768,              0.0006768,              0.0006768
                    123,                0.78997,                0.53504,                 1.0903,                0.85453,                0.71065,                0.77951,                  0.481,                 1.4246,                0.87652,                 1.6016,             0.00066855,             0.00066855,             0.00066855
                    124,                0.80345,                0.54783,                 1.1086,                0.89439,                0.70537,                0.80159,                0.50282,                 1.3798,                0.80541,                 1.5652,              0.0006603,              0.0006603,              0.0006603
                    125,                0.79125,                0.53008,                 1.0881,                0.85996,                0.73401,                0.80432,                0.49163,                 1.4143,                 0.8249,                 1.5817,             0.00065205,             0.00065205,             0.00065205
                    126,                0.78979,                0.53262,                 1.0925,                0.84198,                0.73131,                0.78549,                0.49096,                 1.3968,                0.85725,                 1.5595,              0.0006438,              0.0006438,              0.0006438
                    127,                0.79966,                 0.5527,                 1.1006,                0.81397,                0.72361,                0.78497,                0.48103,                 1.4202,                0.85463,                 1.5914,             0.00063554,             0.00063554,             0.00063554
                    128,                0.80475,                0.53272,                 1.0984,                 0.8496,                0.68845,                0.78184,                0.48302,                 1.4096,                0.85814,                 1.5881,             0.00062729,             0.00062729,             0.00062729
                    129,                0.77861,                0.53553,                 1.0895,                 0.8481,                0.71104,                0.78732,                0.48953,                 1.4078,                0.84111,                 1.5843,             0.00061904,             0.00061904,             0.00061904
                    130,                0.79334,                0.54723,                 1.1042,                0.87648,                0.73115,                0.80693,                  0.502,                 1.4086,                0.83494,                  1.604,             0.00061079,             0.00061079,             0.00061079
                    131,                0.78834,                0.52768,                 1.0993,                0.86521,                0.71563,                0.78342,                0.48866,                  1.421,                0.82473,                  1.593,             0.00060254,             0.00060254,             0.00060254
                    132,                 0.7754,                0.52607,                 1.0945,                0.82528,                0.73038,                0.79494,                0.48969,                 1.4189,                0.84233,                 1.6023,             0.00059429,             0.00059429,             0.00059429
                    133,                0.76728,                0.51751,                 1.0821,                0.84021,                0.71787,                0.79019,                0.48136,                  1.412,                0.83922,                 1.6082,             0.00058603,             0.00058603,             0.00058603
                    134,                0.76269,                0.51498,                 1.0793,                 0.8771,                0.70513,                0.79561,                0.48889,                  1.408,                0.84564,                 1.5701,             0.00057778,             0.00057778,             0.00057778
                    135,                0.75083,                0.51787,                 1.0761,                0.87032,                0.71974,                0.79527,                0.48994,                 1.4057,                0.82855,                 1.5874,             0.00056953,             0.00056953,             0.00056953
                    136,                0.74285,                0.50341,                 1.0691,                 0.8653,                0.73699,                0.81043,                0.50386,                  1.384,                0.82378,                 1.5446,             0.00056128,             0.00056128,             0.00056128
                    137,                0.75073,                 0.4958,                 1.0741,                0.81738,                0.73204,                0.78731,                0.48907,                 1.4037,                0.81836,                 1.5831,             0.00055303,             0.00055303,             0.00055303
                    138,                0.74923,                0.49767,                 1.0679,                0.85781,                0.73025,                0.79695,                0.49757,                 1.3821,                0.80628,                 1.5704,             0.00054478,             0.00054478,             0.00054478
                    139,                0.73533,                0.49186,                 1.0664,                0.86554,                0.71894,                0.79353,                0.48489,                 1.4061,                0.81761,                 1.5883,             0.00053652,             0.00053652,             0.00053652
                    140,                0.76318,                0.50441,                 1.0708,                  0.823,                0.73727,                0.79122,                0.49571,                 1.4003,                0.81909,                 1.5965,             0.00052827,             0.00052827,             0.00052827
                    141,                0.74306,                0.48724,                 1.0704,                0.87336,                0.69562,                0.78533,                0.48665,                 1.4261,                0.82729,                 1.5991,             0.00052002,             0.00052002,             0.00052002
                    142,                0.73537,                0.49944,                 1.0699,                0.86444,                0.73929,                 0.8051,                0.50968,                 1.3871,                0.79596,                 1.5689,             0.00051177,             0.00051177,             0.00051177
                    143,                0.73556,                0.50271,                 1.0706,                0.85851,                0.71899,                 0.7871,                0.49466,                 1.3746,                0.81225,                 1.5729,             0.00050352,             0.00050352,             0.00050352
                    144,                0.74311,                0.49919,                 1.0721,                 0.8708,                0.72008,                0.78598,                0.49347,                 1.3924,                0.84412,                 1.5827,             0.00049527,             0.00049527,             0.00049527
                    145,                 0.7359,                0.49602,                 1.0723,                0.88834,                0.71896,                0.79674,                0.49694,                 1.3865,                0.83051,                 1.5805,             0.00048701,             0.00048701,             0.00048701
                    146,                0.73052,                0.49127,                  1.065,                0.87899,                0.71556,                0.79529,                0.49839,                 1.3854,                0.83451,                 1.5806,             0.00047876,             0.00047876,             0.00047876
                    147,                0.70923,                0.47876,                 1.0556,                0.88906,                0.71216,                  0.799,                0.49507,                 1.4026,                 0.8419,                 1.6094,             0.00047051,             0.00047051,             0.00047051
                    148,                0.70433,                0.46481,                 1.0503,                0.87302,                 0.7155,                0.80025,                0.50485,                 1.3803,                0.80711,                  1.583,             0.00046226,             0.00046226,             0.00046226
                    149,                0.73936,                0.49445,                 1.0644,                0.84696,                0.73403,                0.79936,                0.50082,                 1.3625,                0.80059,                  1.558,             0.00045401,             0.00045401,             0.00045401
                    150,                0.70976,                0.46829,                 1.0498,                0.85542,                0.74751,                0.81098,                0.50145,                 1.3829,                0.81062,                 1.5831,             0.00044576,             0.00044576,             0.00044576
                    151,                0.70945,                0.47431,                 1.0537,                0.88309,                 0.7359,                0.79759,                0.50518,                 1.3712,                0.81494,                 1.5715,              0.0004375,              0.0004375,              0.0004375
                    152,                0.71045,                0.46691,                 1.0532,                0.85428,                0.74838,                0.80091,                0.49521,                 1.3923,                0.81261,                 1.5941,             0.00042925,             0.00042925,             0.00042925
                    153,                0.70427,                0.47339,                 1.0447,                0.88282,                0.74568,                0.80631,                0.51047,                 1.3744,                0.79336,                 1.5754,               0.000421,               0.000421,               0.000421
                    154,                0.70093,                0.46147,                 1.0431,                0.87614,                0.71672,                0.79509,                0.49651,                  1.398,                0.79928,                 1.6125,             0.00041275,             0.00041275,             0.00041275
                    155,                 0.7093,                0.47045,                 1.0525,                0.85897,                0.72243,                0.79559,                0.50113,                  1.396,                0.80648,                 1.5954,              0.0004045,              0.0004045,              0.0004045
                    156,                0.69687,                0.46427,                 1.0474,                 0.8694,                0.73443,                0.80156,                0.49963,                 1.3955,                0.79897,                 1.6003,             0.00039625,             0.00039625,             0.00039625
                    157,                0.68823,                0.45069,                 1.0408,                0.87993,                0.73244,                0.80467,                0.49925,                 1.4071,                0.80284,                 1.6167,             0.00038799,             0.00038799,             0.00038799
                    158,                 0.6868,                0.45914,                 1.0484,                0.90471,                0.71516,                0.81007,                0.50648,                 1.3885,                0.77744,                 1.6064,             0.00037974,             0.00037974,             0.00037974
                    159,                0.69261,                0.46522,                 1.0445,                0.85357,                 0.7492,                0.80658,                0.49956,                  1.387,                0.77021,                  1.603,             0.00037149,             0.00037149,             0.00037149
                    160,                0.68323,                 0.4565,                 1.0402,                0.88365,                0.73628,                0.81312,                 0.5069,                 1.3845,                0.78694,                 1.5837,             0.00036324,             0.00036324,             0.00036324
                    161,                 0.6752,                0.44533,                 1.0346,                0.84839,                0.74271,                 0.8085,                0.51404,                 1.3704,                0.80981,                 1.5782,             0.00035499,             0.00035499,             0.00035499
                    162,                0.68762,                0.45224,                 1.0362,                0.88917,                0.72686,                0.81508,                0.50084,                  1.389,                 0.7914,                 1.6099,             0.00034674,             0.00034674,             0.00034674
                    163,                0.66067,                0.43851,                 1.0273,                0.87081,                0.72735,                 0.8075,                0.49649,                 1.4118,                0.83655,                 1.6361,             0.00033848,             0.00033848,             0.00033848
                    164,                0.67178,                0.44928,                 1.0401,                0.90623,                0.70538,                0.79566,                0.49035,                 1.4058,                0.83884,                 1.6399,             0.00033023,             0.00033023,             0.00033023
                    165,                 0.6684,                0.43776,                 1.0331,                0.87098,                0.72554,                0.79745,                0.49229,                 1.3886,                0.82081,                 1.6119,             0.00032198,             0.00032198,             0.00032198
                    166,                0.66873,                0.44271,                  1.027,                0.84783,                0.74221,                0.80007,                0.49282,                 1.4073,                0.81355,                 1.6326,             0.00031373,             0.00031373,             0.00031373
                    167,                0.67749,                0.44317,                 1.0358,                0.87788,                0.71763,                0.80249,                0.50249,                 1.3949,                0.85075,                 1.6169,             0.00030548,             0.00030548,             0.00030548
                    168,                0.65462,                0.42832,                 1.0291,                0.83805,                0.74401,                0.79861,                0.50653,                 1.3826,                0.82171,                 1.6115,             0.00029723,             0.00029723,             0.00029723
                    169,                0.65422,                0.42865,                 1.0274,                0.86493,                0.73365,                0.79113,                0.50476,                 1.3688,                 0.8122,                 1.6042,             0.00028897,             0.00028897,             0.00028897
                    170,                0.65258,                 0.4183,                 1.0227,                 0.8412,                0.72801,                0.78603,                0.49855,                 1.3989,                0.82976,                 1.6479,             0.00028072,             0.00028072,             0.00028072
                    171,                0.65455,                0.43133,                  1.027,                0.85196,                0.73338,                0.79787,                0.50232,                 1.3991,                0.80865,                  1.621,             0.00027247,             0.00027247,             0.00027247
                    172,                0.64005,                0.41806,                 1.0164,                0.88752,                0.71133,                0.79427,                0.50481,                 1.3959,                 0.7858,                 1.6336,             0.00026422,             0.00026422,             0.00026422
                    173,                0.64509,                0.42288,                 1.0228,                0.89016,                0.69486,                0.78607,                0.50008,                 1.3869,                 0.8001,                 1.6042,             0.00025597,             0.00025597,             0.00025597
                    174,                0.64773,                0.42948,                 1.0253,                0.88473,                0.72499,                0.80067,                0.50115,                 1.4158,                0.81213,                 1.6432,             0.00024772,             0.00024772,             0.00024772
                    175,                0.64482,                0.41513,                 1.0176,                0.88901,                0.71098,                0.80393,                0.49938,                 1.3957,                 0.7996,                 1.6127,             0.00023946,             0.00023946,             0.00023946
                    176,                0.64169,                0.41837,                 1.0191,                0.86355,                0.72709,                 0.7994,                0.49926,                 1.3903,                 0.8064,                 1.6158,             0.00023121,             0.00023121,             0.00023121
                    177,                0.63906,                0.42502,                 1.0263,                0.91204,                 0.7151,                0.80019,                0.49671,                 1.3938,                0.81726,                 1.6181,             0.00022296,             0.00022296,             0.00022296
                    178,                0.63577,                0.41786,                 1.0178,                0.86747,                0.73952,                0.80544,                0.50049,                 1.3786,                0.79346,                 1.6074,             0.00021471,             0.00021471,             0.00021471
                    179,                0.62822,                0.41108,                 1.0143,                 0.8739,                0.71335,                0.79637,                 0.4962,                 1.3972,                 0.8149,                 1.6307,             0.00020646,             0.00020646,             0.00020646
                    180,                0.63949,                0.41241,                 1.0162,                0.87598,                0.72354,                0.80003,                0.49763,                 1.3985,                0.81839,                 1.6279,             0.00019821,             0.00019821,             0.00019821
                    181,                0.62534,                0.40782,                 1.0101,                 0.8976,                0.71488,                0.80117,                0.49926,                  1.397,                0.81309,                 1.6235,             0.00018995,             0.00018995,             0.00018995
                    182,                0.62704,                0.41675,                 1.0063,                0.85686,                0.72534,                0.79606,                0.50158,                 1.3969,                0.81836,                 1.6287,              0.0001817,              0.0001817,              0.0001817
                    183,                 0.6198,                0.41234,                  1.017,                0.85034,                0.72623,                0.79124,                0.49325,                 1.4042,                0.82509,                 1.6314,             0.00017345,             0.00017345,             0.00017345
                    184,                 0.6238,                0.41827,                 1.0132,                0.86177,                0.72211,                0.79367,                0.49422,                 1.3967,                0.81404,                 1.6275,              0.0001652,              0.0001652,              0.0001652
                    185,                0.60565,                0.39889,                 1.0039,                0.87446,                0.71343,                0.80072,                0.49964,                 1.3883,                0.82131,                 1.6214,             0.00015695,             0.00015695,             0.00015695
                    186,                0.61234,                0.40324,                0.99829,                0.86907,                0.71717,                0.79911,                0.50205,                 1.3789,                 0.8139,                 1.6074,              0.0001487,              0.0001487,              0.0001487
                    187,                0.60508,                0.39755,                 1.0006,                0.90675,                0.69173,                0.79772,                0.50242,                 1.3777,                0.80219,                 1.6074,             0.00014044,             0.00014044,             0.00014044
                    188,                 0.5954,                0.39138,                 1.0005,                0.85938,                 0.7408,                 0.8039,                0.50181,                  1.378,                0.81069,                  1.613,             0.00013219,             0.00013219,             0.00013219
                    189,                0.61143,                0.39442,                 1.0041,                0.90217,                0.71899,                0.81178,                0.50562,                 1.3824,                0.80456,                 1.6163,             0.00012394,             0.00012394,             0.00012394
                    190,                0.59532,                0.38885,                 1.0003,                0.90177,                0.70527,                0.80774,                0.50684,                 1.3794,                0.79306,                 1.6081,             0.00011569,             0.00011569,             0.00011569
                    191,                0.54705,                0.31647,                0.95215,                0.87318,                0.73049,                0.80433,                 0.5042,                 1.3946,                0.80479,                 1.6324,             0.00010744,             0.00010744,             0.00010744
                    192,                0.52721,                0.30169,                0.93768,                0.87157,                0.72573,                0.80015,                0.50882,                 1.3774,                0.80023,                 1.6201,             9.9187e-05,             9.9187e-05,             9.9187e-05
                    193,                0.50954,                0.29306,                0.92978,                0.87423,                0.72363,                0.81084,                0.51439,                 1.3858,                0.81049,                 1.6286,             9.0935e-05,             9.0935e-05,             9.0935e-05
                    194,                0.51028,                0.28691,                0.93866,                0.88651,                0.73257,                0.81996,                0.51555,                 1.3888,                0.79694,                 1.6339,             8.2683e-05,             8.2683e-05,             8.2683e-05
                    195,                0.49354,                 0.2846,                0.92322,                0.87766,                0.72889,                0.81542,                0.51268,                 1.3975,                0.80734,                 1.6397,             7.4432e-05,             7.4432e-05,             7.4432e-05
                    196,                 0.4934,                0.28207,                 0.9209,                0.87148,                0.73386,                 0.8175,                0.51587,                 1.3829,                0.80798,                 1.6287,              6.618e-05,              6.618e-05,              6.618e-05
                    197,                0.50945,                 0.2908,                0.94096,                 0.8756,                0.73827,                0.81861,                0.51667,                 1.3772,                0.80444,                 1.6238,             5.7928e-05,             5.7928e-05,             5.7928e-05
                    198,                0.48184,                0.27919,                0.92121,                0.87244,                0.73145,                0.81674,                0.51412,                 1.3819,                0.79732,                 1.6271,             4.9677e-05,             4.9677e-05,             4.9677e-05
                    199,                0.48625,                0.27589,                0.91731,                0.84968,                0.74557,                0.81266,                0.51373,                 1.3841,                0.79731,                 1.6312,             4.1425e-05,             4.1425e-05,             4.1425e-05
                    200,                0.48623,                0.27845,                0.91765,                0.86034,                0.73276,                0.81274,                0.51454,                  1.388,                0.80473,                 1.6343,             3.3173e-05,             3.3173e-05,             3.3173e-05
